patient_ids,age,gender,Feature_A
1,56,Male,Normal
2,69,Female,Normal
3,46,Female,Normal
4,32,Male,Normal
5,60,Female,Low
6,25,Female,Normal
7,78,Female,Low
8,38,Female,High
9,56,Female,Normal
10,75,Female,High
11,36,Female,Normal
12,40,Female,High
13,28,Female,High
14,28,Male,Low
15,41,Male,Normal
16,70,Male,High
17,53,Male,High
18,57,Male,Normal
19,41,Male,Low
20,20,Male,High
21,39,Male,High
22,70,Male,Normal
23,19,Female,Low
24,41,Female,High
25,61,Female,Normal
26,47,Female,Normal
27,55,Female,High
28,19,Female,High
29,77,Female,High
30,38,Male,Low
31,50,Male,Normal
32,29,Male,High
33,75,Female,Low
34,39,Female,Low
35,78,Female,High
36,61,Male,Normal
37,42,Female,Low
38,66,Male,High
39,44,Female,High
40,76,Female,Normal
41,59,Female,High
42,45,Male,Low
43,77,Male,Low
44,33,Male,High
45,32,Female,High
46,79,Male,High
47,79,Male,Normal
48,64,Male,High
49,79,Female,High
50,68,Male,High
51,61,Female,High
52,72,Female,High
53,69,Male,Normal
54,74,Female,Normal
55,20,Female,High
56,54,Male,High
57,68,Female,Low
58,24,Female,Normal
59,38,Female,Normal
60,26,Female,Normal
61,56,Female,High
62,35,Male,Low
63,21,Male,Low
64,42,Male,Normal
65,77,Male,Low
66,31,Male,Normal
67,67,Female,High
68,75,Male,High
69,26,Male,Normal
70,43,Male,Normal
71,70,Female,Normal
72,19,Male,High
73,37,Female,Low
74,45,Male,Normal
75,64,Male,High
76,77,Male,Normal
77,24,Male,High
78,61,Female,Normal
79,78,Male,Normal
80,25,Female,High
81,64,Male,High
82,52,Male,High
83,31,Male,Low
84,34,Male,Normal
85,53,Female,Normal
86,67,Male,High
87,57,Male,Low
88,21,Male,High
89,19,Male,Normal
90,79,Female,Low
91,23,Female,High
92,71,Male,High
93,59,Female,High
94,21,Male,Normal
95,71,Female,Normal
96,46,Male,Normal
97,35,Male,High
98,43,Male,Low
99,61,Female,Normal
100,51,Female,Low
