patient_ids,age,gender,Feature_A
64.0,42.0,Male,Normal
3.0,46.0,Female,Normal
28.0,19.0,Female,High
23.0,19.0,Female,Low
74.0,45.0,Male,Normal
68.0,75.0,Male,High
90.0,79.0,Female,Low
9.0,56.0,Female,Normal
43.0,77.0,Male,Low
3.0,46.0,Female,Normal
22.0,70.0,Male,Normal
51.0,61.0,Female,High
3.0,46.0,Female,Normal
20.0,20.0,Male,High
65.0,77.0,Male,Low
55.0,20.0,Female,High
23.0,19.0,Female,Low
59.0,38.0,Female,Normal
81.0,64.0,Male,High
1.0,56.0,Male,Normal
81.0,64.0,Male,High
70.0,43.0,Male,Normal
35.0,78.0,Female,High
16.0,70.0,Male,High
96.0,46.0,Male,Normal
34.0,39.0,Female,Low
10.0,75.0,Female,High
10.0,75.0,Female,High
85.0,53.0,Female,Normal
61.0,56.0,Female,High
81.0,64.0,Male,High
73.0,37.0,Female,Low
54.0,74.0,Female,Normal
98.0,43.0,Male,Low
38.0,66.0,Male,High
56.0,54.0,Male,High
83.0,31.0,Male,Low
62.0,35.0,Male,Low
87.0,57.0,Male,Low
58.0,24.0,Female,Normal
71.0,70.0,Female,Normal
5.0,60.0,Female,Low
23.0,19.0,Female,Low
29.0,77.0,Female,High
8.0,38.0,Female,High
24.0,41.0,Female,High
11.0,36.0,Female,Normal
28.0,19.0,Female,High
64.0,42.0,Male,Normal
37.0,42.0,Female,Low
38.0,66.0,Male,High
21.0,39.0,Male,High
27.0,55.0,Female,High
94.0,21.0,Male,Normal
65.0,77.0,Male,Low
61.0,56.0,Female,High
18.0,57.0,Male,Normal
73.0,37.0,Female,Low
17.0,53.0,Male,High
38.0,66.0,Male,High
99.0,61.0,Female,Normal
64.0,42.0,Male,Normal
56.0,54.0,Male,High
69.0,26.0,Male,Normal
85.0,53.0,Female,Normal
78.0,61.0,Female,Normal
23.0,19.0,Female,Low
4.0,32.0,Male,Normal
32.0,29.0,Male,High
27.0,55.0,Female,High
22.0,70.0,Male,Normal
95.0,71.0,Female,Normal
88.0,21.0,Male,High
32.0,29.0,Male,High
66.0,31.0,Male,Normal
40.0,76.0,Female,Normal
92.0,71.0,Male,High
46.0,79.0,Male,High
27.0,55.0,Female,High
25.0,61.0,Female,Normal
57.0,68.0,Female,Low
27.0,55.0,Female,High
59.0,38.0,Female,Normal
90.0,79.0,Female,Low
40.0,76.0,Female,Normal
22.0,70.0,Male,Normal
100.0,51.0,Female,Low
51.0,61.0,Female,High
10.0,75.0,Female,High
5.0,60.0,Female,Low
11.0,36.0,Female,Normal
63.0,21.0,Male,Low
80.0,25.0,Female,High
43.0,77.0,Male,Low
7.0,78.0,Female,Low
39.0,44.0,Female,High
100.0,51.0,Female,Low
53.0,69.0,Male,Normal
98.0,43.0,Male,Low
87.0,57.0,Male,Low
